"Fans","Twitter","Objkts","Editions","First collect","Wallet","Activity"
"1","tz1Ko..fCwVn","","11","11","3/6/21, 13:48","tz1Kosestmh4YDXLbsD6VFoD7ch9tbhfCwVn","Activity"
"2","Leander_Herzog","@lennyjpg","8","8","10/25/21, 03:34","tz1i7fDupvRU8AWoQgPtqJvKivXnyvuvTLYN","Activity"
"3","Boolaroo","@travelingcarter","7","8","12/31/21, 16:47","tz1QSxDeUy6YQZj9Q9HZ5couvThGX8Qu7RzY","Activity"
"4","mogwai_*","@hen_collector","5","7","4/23/21, 12:48","tz1ehhHuAQXrdXukswG2PP7TnptsEfHDxbZK","Activity"
"5","TheWesterner","@starwesterner","5","6","4/23/21, 12:48","tz1P4iM5y89uzQomRZPZ7XFuHV6Uw3b7YTQ9","Activity"
"6","tz1cG..iCmEu","","5","6","9/7/21, 10:47","tz1cGdvL2YBEGi2ekBzeLa1vbeRUKgYiCmEu","Activity"
"7","tz1TA..pjRvH","","5","5","3/6/21, 14:43","tz1TAjHF81yBh6PRU28dgZaHmoG55YypjRvH","Activity"
"8","JulienEspagnon","@Julien_Espagnon","5","5","3/9/21, 13:16","tz1QAevDTqQ92FWh7fXrS6esiFmFgnsEqi1b","Activity"
"9","MdDA","@mdda_gallery","5","5","3/27/21, 15:54","tz1QDunNSnWrqwCc78TqzHP86BMNXq1P7Jxb","Activity"
"10","tz1Lc..2zNFw","","5","5","4/23/21, 12:48","tz1LcYtfaZz9YmqRNFnN6qQKxEHaekf2zNFw","Activity"
"11","satoshi","","5","5","8/11/21, 06:44","tz1ZmRNg15UZVoM1wE89umMiE35Ff4ZAnKqw","Activity"
"12","m(_ _)m","","4","5","3/6/21, 15:01","tz1PG4zwtF6Witq3LuCXC8VUYJsKNHbM9Pqk","Activity"
"13","Javier Gracia Carpio","@jagracar","4","4","3/27/21, 15:54","tz1g6JRCpsEnD2BLiAzPNK3GBD1fKicV9rCx","Activity"
"14","makio135","@makio135","4","4","3/27/21, 15:54","tz2VN3fWzqHE44F6zedJB7UtALKEh5WhqAJJ","Activity"
"15","grasser_alex","@grasser_alex","4","4","4/23/21, 12:48","tz1iZ9yHJzgvC4oBvHsrNmtL8GHPqtwqshAi","Activity"
"16","tz1QC..wzgHq","","4","4","5/24/21, 14:05","tz1QC9QZH8giTj5TewD7ykLBCGR3TmMwzgHq","Activity"
"17","pangolin","","4","4","8/17/21, 15:00","tz1f1pRBJy36ne3s2utezaZb91B6yeaTLjad","Activity"
"18","celadoor","@celad00r","4","4","8/31/21, 15:59","tz1UZGPJtRLsNyYUuYyQU9DSepSF13XxYxFk","Activity"
"19","tz1gx..peBDw","","3","5","9/15/21, 08:14","tz1gxWv9mjfcY3H4W1iH8FVvsSAkErJpeBDw","Activity"
"20","j","","3","5","9/20/21, 10:38","tz1ffdiWq3Uwsptpusv7PZz6gJNZUiZeWt2t","Activity"
"21","tz1U4..HetHK","","3","4","3/9/21, 13:16","tz1U42wqUjyZgz6Vgy9DHm28B2Ev9GTHetHK","Activity"
"22","iceberg","","3","4","4/21/21, 16:49","tz1YuspKsi5mNRcmScsZmGrftfShYgUZGaHQ","Activity"
"23","Patrick Tresset","@patricktresset","3","3","3/9/21, 13:16","tz2WtFZKsUdx3gQzg5JKbvC4NdeDXi6z1SUE","Activity"
"24","sableraph","@sableraph","3","3","3/9/21, 13:16","tz1hfuVWgcJ89ZE75ut9Qroi3y7GFJL5Lf2K","Activity"
"25","DerNadler","@RichardNadler1","3","3","3/9/21, 13:16","tz1Pu8zRmNghAHzWxsT9Cy2qXHxkCrHcB3vc","Activity"
"26","ripze","@_Ripze","3","3","3/9/21, 13:16","tz1MwgPYtc8uccvYgEH4gixazzLLgayRipze","Activity"
"27","cody","@codybales","3","3","3/28/21, 21:27","tz1L7oVDv58oKd6dDrRAgXMhgZbJREvmrMg9","Activity"
"28","ertdfgcvb","@andreasgysin","3","3","4/5/21, 11:49","tz1dEF5ZMTnBSkz2ZQPvpJjwyfeUUyGjeMtf","Activity"
"29","Manfred","@mmantschev","3","3","4/27/21, 16:18","tz1ez6NCePNGbQXdY54y4MdLmjC4o6wZJxSY","Activity"
"30","KellyMilligan","@kellymilligannz","3","3","5/5/21, 11:46","tz1XBAp7qeZ5fWqVnVFzZHuHc455L1xrw841","Activity"
"31","tz1L9..6FWLN","","3","3","9/26/21, 19:29","tz1L9XjPpcPexJEx39JVb5TH8kXfjPW6FWLN","Activity"
"32","crcdng","","3","3","9/27/21, 20:46","tz1RJaJXwrqyjUtWyXqcybX77yUKHj8j3oyL","Activity"
"33","999","","3","3","11/5/21, 19:24","tz1VGZPvqytFVAoSAsM8VrUveJdL3PpVy6K9","Activity"
"34","tz1L2..xXKQo","","2","118","4/23/21, 12:48","tz1L2f5nCgjsfZ1QgwyTyFiuHCdX6CSxXKQo","Activity"
"35","JivaCore","","2","9","9/9/21, 12:57","tz1akUoz3FLw8vLcBmb9vgo7adubVZbRftLx","Activity"
"36","darkbc","","2","5","8/31/21, 15:59","tz1eDv9ssFYadz72ApTojTdegnNiagYAEMaJ","Activity"
"37","bigfatbrain.tez","","2","5","9/9/21, 12:57","tz1XDSg5orZCMnyYcuxD5CbD4mR6hnYMmzTs","Activity"
"38","math","@mathmakesart","2","4","4/23/21, 12:48","tz1gsrd3CfZv4BfPnYKq5pKpHGFVdtGCgd71","Activity"
"39","GinkoInTheMoon","@GinkoInTheMoon","2","4","9/11/21, 18:25","tz1f4xtDjVtJRq7qJsXCxqL3CweyNNQNFQ4g","Activity"
"40","greencross","@greencrosslive","2","3","9/9/21, 12:57","tz1cALi4cQRKtSMCU92nkmtQtZPZGppeHke1","Activity"
"41","nicoarbogast","@nicoarbogast","2","3","9/11/21, 13:53","tz2S8xbSkYZ2pnFhiRvC2cVapErz75rNfkWo","Activity"
"42","jackrusher","@jackrusher","2","2","3/6/21, 14:51","tz1VbkEEmrxQgMVWeauZF2KD1BaHfrvSHp5z","Activity"
"43","tz1Sk..tGJvC","","2","2","3/6/21, 15:01","tz1Sk7BgmtSdqPWFRBCz2pNx15ZqLvttGJvC","Activity"
"44","aebrer","@aebrer","2","2","3/9/21, 13:16","tz1ZBMhTa7gxSpaeXoqyc6bTCrxEHfZYSpPt","Activity"
"45","Qartsi","@Qartsi","2","2","3/27/21, 15:54","tz1PYqfNnkpZydtSY2Tn3Rv8mjkgUpHJpFXC","Activity"
"46","tz2VG..EUKiE","","2","2","3/27/21, 15:54","tz2VG86MBg1rwqXmwj4yXTLNJJarVoUEUKiE","Activity"
"47","leithba","@leithba","2","2","3/27/21, 15:54","tz2HwP1JKEjEy4H8RxPMkoHWuSzUWZsRSC3R","Activity"
"48","DonKarlssonSan","@DonKarlssonSan","2","2","3/27/21, 15:54","tz1ZzZmioy5Ej3kpsec2rMz1temewbt1UcSz","Activity"
"49","Ryan","@RT_Artwork","2","2","3/27/21, 15:54","tz1YokFzMR1hX4m4aBqgutxLSUKFDdNoYGEN","Activity"
"50","adi_oohgaga","@oohgaga_","2","2","3/27/21, 15:54","tz1KqzBPfhoTquknvyWSsHQ3PX5VDaoYMqq7","Activity"
"51","kal-el","@OmRigdenJyepo","2","2","3/27/21, 15:54","tz1aRPbvjrtvt7wC9352giq3LhWpH3s8NoBv","Activity"
"52","cstats1","@cstats1","2","2","3/27/21, 15:54","tz1MrfUXBCvxcqhJzU973PBRobAXAKMo9eyA","Activity"
"53","Jason Objekt","@JasonObjekt","2","2","3/27/21, 15:54","tz1X65guZ53peyPonpAr8YHeDMZuakHZxYFw","Activity"
"54","daydreampipeline","@daydreampipelne","2","2","4/5/21, 11:49","tz2DD5NM27cdQZ4gZMaN3UmE85CJzJKpbWyL","Activity"
"55","bbbbbbbbb","@blakebutler","2","2","4/5/21, 11:49","tz1PmkivtHWNkvh8nFdhLJdXnc49TKMiz8i4","Activity"
"56","tz1Ko..k3aKJ","","2","2","4/5/21, 11:49","tz1KojLMYHQZW9BCS6skDYV9BSaYh3hk3aKJ","Activity"
"57","xaad","","2","2","4/5/21, 11:49","tz1awh8dGUvo2aH4HxheWq2Ua4pa9UHcqkMV","Activity"
"58","kit","","2","2","4/16/21, 12:38","tz1gRBgrU9fcnmMpXJjtPaxE32Kg85Lh9eJ7","Activity"
"59","artdblockdotorg","@dblockdotorg","2","2","4/16/21, 13:10","tz1ivFsNqtfLTSDh7uzqJ6pArNRG13pkJt4a","Activity"
"60","pastacc","@cabline1","2","2","4/21/21, 16:49","tz1LaqjdBZvJ2drBq8Zp9jF3HGhfqjHZm9Ny","Activity"
"61","tz1Zf..2arNw","","2","2","4/23/21, 12:48","tz1ZfrBRYW5ELJxdi5aPxbouzDJpkug2arNw","Activity"
"62","mxfh","@mxfh","2","2","4/23/21, 12:48","tz1hRaCZStnTFK8KHkcgEX7e2irkuvbc4mPC","Activity"
"63","0xshamrock","","2","2","5/3/21, 14:20","tz1LExWULm6jzNRpPCgvxANuMHN3W6rZCaRF","Activity"
"64","nft500","@nft500","2","2","8/29/21, 14:32","tz1UPLtyXw1pDCHgAjS1Yj7m7N1HX585NY4T","Activity"
"65","andreasrau","@andreasrau_eu","2","2","8/31/21, 15:53","tz1Roq6end2LFtkpGrmuyRZH82xsWfaRCat1","Activity"
"66","KRANKARTA","@krankarta","2","2","9/1/21, 14:56","tz1bnWUvcfU77EBpbLUQ41c3hCBKovGuqyGY","Activity"
"67","monokai","@monokai","2","2","9/1/21, 14:56","tz1WqXSMDZENwSrxuVRgAnW1AEa7UCkpkwSF","Activity"
"68","pedroalcocer","","2","2","9/2/21, 20:19","tz1VaJRyq6tPhr8vKuPHkVCGKSLypcxQZDct","Activity"
"69","jaypegg","","2","2","9/8/21, 24:15","tz1d4ujieZWbsih6khuUg6eK2itYRnpL8Tff","Activity"
"70","arltcollector","","2","2","9/9/21, 12:57","tz1Q3Rs6vdu8rRbR54MjvcdWWuBp2A8Td5Li","Activity"
"71","tz1Zp..ZfsjL","","2","2","9/9/21, 12:57","tz1ZpV2DEjPS7jwz1GGoex6uoko4FqYZfsjL","Activity"
"72","Chris-Follows-Art","@chrisfollowsart","2","2","9/9/21, 12:57","tz1fkHMWsEpQ1FXg6W35JbFcpY3KfXB2Giox","Activity"
"73","FrederikDeFruyt","@FrederikDeFruyt","2","2","9/9/21, 12:57","tz1PYJbuAbc14ZBLbD7jQszoVDDEbMBpjYKG","Activity"
"74","xltwkr","","2","2","9/9/21, 12:57","tz2NMqrgXChBrxsF5oHHkQSE1wKcsUz74HCA","Activity"
"75","tz1ZB..vkKVU","","2","2","9/9/21, 12:57","tz1ZBSZdEoqwstdfEseqpKXbJfLynbxvkKVU","Activity"
"76","tz1Pb..i7i82","@nft_11","2","2","9/9/21, 12:57","tz1PbZ83gNNqejdgQZqVZtbaJS8UCbQi7i82","Activity"
"77","tomlauerman","@tomlauerman","2","2","9/9/21, 12:57","tz2LBrY4BErGL66V1h2TAXSBikDhQ1NsfD7r","Activity"
"78","tz1Pu..RNqXH","","2","2","9/11/21, 10:28","tz1PutHNrVsSarv9vWtbAKgsec1L8ptRNqXH","Activity"
"79","marinara","","2","2","9/11/21, 10:40","tz1eCfnyRvuSuBVQyeLNxfLWSQ56wEGKTaWo","Activity"
"80","tz1Wf..9xjqX","","2","2","9/18/21, 06:49","tz1WfSBV7yQgHXLwuyPYrA2wSp5dgcn9xjqX","Activity"
"81","imajames","@imajamesk","2","2","9/20/21, 17:19","tz1eJAP1nPofPAYimhX81ThiFEuDhQZPF5Dv","Activity"
"82","Cat¿italli$)","","2","2","11/19/21, 21:19","tz1i35AGt1HS1FKN1Mqw4DuCMYHvWAHnUT3H","Activity"
"83","tz1cr..Z3Z15","","2","2","12/6/21, 24:58","tz1crZsEERbH76UXs6e7LxTLsxeMCkyZ3Z15","Activity"
"84","hen","","1","1986","7/24/21, 19:12","tz1gNi3b8EyrdejgRXPjYWsJSiMKR6U8LSKs","Activity"
"85","tz1Qy..8AsQd","","1","6","9/9/21, 12:57","tz1QyMhnapBGJCVx5vUavJPM2GuecMj8AsQd","Activity"
"86","ProcessingOrg","@ProcessingOrg","1","5","3/9/21, 13:16","tz1aPHze1U5BEEKrGYt3dvY6aAQEeiWm8jjK","Activity"
"87","JohnPeter","@johnpeterart","1","3","9/9/21, 12:57","tz1gH9hkVmAL9L4bqovepaAo4NXt8Nv4wx8e","Activity"
"88","kellyrichardson","@richardsonkelly","1","2","3/27/21, 15:54","tz1M7n1FpvfKhByTPhW3pwbQv67Ka5YV17BC","Activity"
"89","A4Astro","","1","2","3/27/21, 15:54","tz1MCaehYRvrhPWv7HiCYQKyi9WDXbAUZkwv","Activity"
"90","yin yang ☯️","@5ZZRF","1","2","3/27/21, 15:54","tz1PfirGv1Qk9vK3eMnMkARudeRVwFx5ZZRF","Activity"
"91","TheSearch","@TheSearch1618","1","2","9/1/21, 14:56","tz1LwY9B47RjxyzfQu3hi3ruJV3EA1CZcHeV","Activity"
"92","rcrypto_v","","1","2","9/1/21, 14:56","tz1SSjKSgWuTtaCeLgGUtaeeauAds4PVT8g7","Activity"
"93","Beppe","@p_e_p_p","1","2","9/1/21, 14:56","tz1TRo6E7mkWVXXbr6bqadKozg3yV3FhnbL2","Activity"
"94","tz1Zj..3Nh4W","","1","2","9/1/21, 14:56","tz1ZjEwXyHtcnD48WfYy9YRpkkc7dSP3Nh4W","Activity"
"95","zico","@zachjabri","1","2","9/1/21, 14:56","tz1UQqDZPQLM32ewUzpq29iXmuFvuJ1WersK","Activity"
"96","unknowncomposer","","1","2","9/9/21, 12:57","tz1Lhv8ZHbsNbATa5aUpRWFdUoQToGM6RbxN","Activity"
"97","tz1XJ..hgMt9","","1","2","9/9/21, 12:57","tz1XJ4Re2skM4VKpFbaxWFPQJHBCohihgMt9","Activity"
"98","tz1Mn..wGE8L","","1","2","9/9/21, 12:57","tz1Mn4SN86M3SWRtR9RV1GBeVqZq1MzwGE8L","Activity"
"99","FakeARTPosse","@FakeartP","1","2","9/9/21, 12:57","tz1dVxdJwpJixh6Kcd5FZULTfFcR98V7Z2fw","Activity"
"100","beh","@behkhengaik","1","2","9/11/21, 13:53","tz1gTe4K4QxKrxK4WvgVq4ypJkf9GqqGFvZB","Activity"
"101","Adi_Oohgaga_BW","@oohgaga_","1","2","9/11/21, 13:53","tz1Q9fe383mTAoEUNDsKfec3x7PCFuujQ4ZY","Activity"
"102","tz1ef..CgBJb","","1","2","9/11/21, 13:53","tz1efE5D1Da2S2hbRPpcrZpMeacXJYmCgBJb","Activity"
"103","Salawaki 0.1","","1","2","9/11/21, 13:53","tz1efcNMdHxSrMPiSeLFrbdUQr8eWwWJmGnW","Activity"
"104","andre","@AndreFvchs","1","2","9/11/21, 13:53","tz1ZEoCxEKW6fPZv8LZrpu2N6DBZcCCqMS6v","Activity"
"105","tz1et..p8xGD","","1","2","9/11/21, 13:53","tz1ett63LC7Rqv1VTrper3NbETHannTp8xGD","Activity"
"106","hicetnunc2000lab","@hicetnunc2000","1","1","3/6/21, 13:12","tz1UBZUkXpKGhYsP5KtzDNqLLchwF4uHrGjw","Activity"
"107","crzypatchwork","@crzypatchwork","1","1","3/6/21, 13:55","tz1Y1j7FK1X9Rrv2VdPz5bXoU7SszF8W1RnK","Activity"
"108","tz1Yo..pRY7z","","1","1","3/6/21, 14:09","tz1YoR3yVAUhALXTun9mojXQ7wmwvNzpRY7z","Activity"
"109","tz1h7..JeisK","","1","1","3/6/21, 14:32","tz1h7oqWazxH4RUnwYgTDBXugg4LUhbJeisK","Activity"
"110","Pronoia","@Pronoia10","1","1","3/6/21, 14:38","tz1hyNv7RBzNPGLpKfdwHRc6NhLW6VbzXP3N","Activity"
"111","tz1Ry..Efu7E","","1","1","3/6/21, 14:53","tz1Ry79UpM3e9sToPfxKsWnPw3Y447YEfu7E","Activity"
"112","tz1gX..RjFZu","","1","1","3/6/21, 14:53","tz1gXqdUDXobJVbsmefaZ3W3LEPiNSLRjFZu","Activity"
"113","primalkolor","@primalkolor","1","1","3/6/21, 14:53","tz1VReZQikQ6ufDF2CbmnXuwycbGJeyXbT4c","Activity"
"114","Leon","@crypto1977","1","1","3/6/21, 14:53","tz1XmqF5gnTjgE6Cxu5CzaT5H7vXiFfihe95","Activity"
"115","theitaliancollecor2","@ItalianCollecto","1","1","3/6/21, 14:53","tz2UMY8owULYKsxQq5WwKaHJkXtopfymQ5HV","Activity"
"116","TheSearch!","","1","1","3/6/21, 14:53","tz1WuRnfd1ZHug5TLHnsTEmyYPHFcSk9S17a","Activity"
"117","fabi","","1","1","3/9/21, 13:16","tz1hPL6n8DsMcLGJrc3sw7dc4az9TqrfwPQC","Activity"
"118","dansan566","","1","1","3/9/21, 13:16","tz1Q86tz2HeTL6iwHVcYe7nGUN4zSU545nWf","Activity"
"119","nft_collective","@nft__collective","1","1","3/9/21, 13:16","tz1gEVqnejRkwfpfqoxhTfi9tDm1xT2mqiGV","Activity"
"120","thegladscientist","@zegladscientist","1","1","3/9/21, 13:16","tz1fT9AEMEXTg82DbT7dvmh7GSyHm6wMUWQX","Activity"
"121","nicobiev","@nicobiev","1","1","3/9/21, 13:16","tz1hTfioT7ApZmAQPpLuV3EaZerrA2EAqPUX","Activity"
"122","jkwong","@jkwong","1","1","3/9/21, 13:16","tz1NCYei4iNnknNX7sfEW47WoV1FXmK1ZnXX","Activity"
"123","tz1Zz..2Mv1S","","1","1","3/9/21, 13:16","tz1ZzvNf6reJzbcqYmxe9PxzPq1m7sE2Mv1S","Activity"
"124","AireGAN","@airegans","1","1","3/9/21, 13:16","tz1RhtdKhVMf2gWuTJquWeSX4JeiPPTYfpMA","Activity"
"125","andrewchoi5","","1","1","3/9/21, 13:16","tz1SUc8uEubpzbGMKDMP1BLZWTgRpnc4nsqo","Activity"
"126","randm.tez","@randmtez","1","1","3/9/21, 13:16","tz1UCvB8ZNc8pcGy7Tb9kKp1cv9qSxRgDtUE","Activity"
"127","flpvsk","@flpvsk","1","1","3/16/21, 14:37","tz1ZywdzotrgH4uUKToZms3cGoDYdkJBtK2P","Activity"
"128","emilio.jp","@emiliodotjp","1","1","3/17/21, 15:49","tz1QUJMk6trrCBh8oaHbDDzF7m871gpWatCB","Activity"
"129","Matthew Hughes","@tasty_plots","1","1","3/27/21, 15:54","tz2TcmyKAwVU2wU67xS6CYnvfta2UwF5BTRT","Activity"
"130","tz1UA..84VnQ","","1","1","3/27/21, 15:54","tz1UAYfFWmaTrQTYMptaGCw6LrXK5Yv84VnQ","Activity"
"131","tz2Km..i3qhv","","1","1","3/27/21, 15:54","tz2Kmr94zwyb9SmfcwCeBXY4Ye5NjvDi3qhv","Activity"
"132","granola","@jmgranola","1","1","3/27/21, 15:54","tz1e52CpddrybiDgawzvqRPXthy2hbAWGJba","Activity"
"133","collector5000","","1","1","3/27/21, 15:54","tz1gbTB8MUY1kzWwWYXvqBJngU4t2SxZ4Q6h","Activity"
"134","tz2VD..qAJG7","","1","1","3/27/21, 15:54","tz2VD9n4epuHvd1QH46iwBACyPnvHtUqAJG7","Activity"
"135","fraguada","@luisfraguada","1","1","3/27/21, 15:54","tz1SeV6vmY1nR6xuDPXRx1tWsrhqXCwmXL2j","Activity"
"136","DianeDrubay","@dianedrubay","1","1","3/27/21, 15:54","tz1b1sH2FmuVazszFdkUn8GvfvZpNxSa7C8J","Activity"
"137","tz2K1..vhXx4","@webidente","1","1","3/27/21, 15:54","tz2K1rDmszPuzVQYUcyDFxeSm7ZEJdDvhXx4","Activity"
"138","LorenBednar","@LorenBednar","1","1","3/27/21, 15:54","tz1YZ4VZCRPoiDyGP3U69jCq2S8duDUcRjHP","Activity"
"139","tz2Lu..YMBU8","","1","1","3/27/21, 15:54","tz2LuYAUynx5CTGqtZ7WDcx4HwPi1zsYMBU8","Activity"
"140","tz1Uq..EjVKT","","1","1","3/27/21, 15:54","tz1UqpNLoPRpAPKCTsgXyBRitTdpKJWEjVKT","Activity"
"141","z3r","","1","1","3/27/21, 15:54","tz1gA2pHGJtdShZKryFy6yFRTA8D9cnS4qwS","Activity"
"142","collectordan","","1","1","3/27/21, 15:54","tz1Mhfv3Lrnbga9t6AuNHer3nfh56cEEdJY5","Activity"
"143","NachoCossio","@nacho_cossio","1","1","3/27/21, 15:54","tz1MdAbYxfbCbA5WJhCBtAgiXVnaYeQnySY8","Activity"
"144","tristanlemoigne","@tristanlemoigne","1","1","3/27/21, 15:54","tz1Zba3FPSgwhJfDBjRFtYoe9Mec5nBG2bJr","Activity"
"145","taiskoshino","@taiskoshino","1","1","3/27/21, 15:54","tz1U2wsJgebEvS6CZYXn1mjErRU5mSZ2ZS1Z","Activity"
"146","Tageeboy","","1","1","3/27/21, 15:54","tz2NyhuiiC5Yyg1tDqM4GvCyuRFu4JHMHiYf","Activity"
"147","VonCosmic","@voncosmic","1","1","3/27/21, 15:54","tz1UfsRAprNeWNtHZZQJ2KeUJgfaR2rRxGjt","Activity"
"148","2weiX","@mrdaiber","1","1","3/27/21, 15:54","tz1PwQdBE2AYqQJESd4nVzXAswTxBPGyUGvX","Activity"
"149","moneyclaw","@jesse_altman","1","1","3/27/21, 15:54","tz1dH5GygqStiUQudRcagYfzdtyofAVxVgL7","Activity"
"150","vhs1183","","1","1","3/27/21, 15:54","tz1d9AdUJdLpfKsvxKNsD1pQf6wuZjNR1RvJ","Activity"
"151","bardionson","@bardionson","1","1","3/27/21, 15:54","tz1gmtpm4ZmwNkdfCkbneG1LbAntEAwUufjC","Activity"
"152","tz1bD..9YDT8","","1","1","4/5/21, 11:49","tz1bDm8AJVz353LnfNj6fEy4z59Ax5B9YDT8","Activity"
"153","Historicalive","@historicalive","1","1","4/5/21, 11:49","tz1Urq3uyKnJirZ3NH7VPPX7P7QQ7DMmfrHs","Activity"
"154","tiegenhof","@tiegenhof_","1","1","4/5/21, 11:49","tz1bxe2Tp3EqWZqZX5Kvmg9MxTmX8LBiUchk","Activity"
"155","tz1Mf..KGf17","","1","1","4/5/21, 11:49","tz1MfxyKqCihhSAcP6Foqfd3dY1LQSPKGf17","Activity"
"156","tz1QU..WW8B4","","1","1","4/5/21, 11:49","tz1QUD2vufLZ2TuMcGTwFzZ1yJgsTCWWW8B4","Activity"
"157","mywordsmyworld3","@mywordsmyworld3","1","1","4/5/21, 11:49","tz2RzfKF7kNpyxkZsc3ktyZDcNqCVFhnEiaq","Activity"
"158","DriesDepoorter","@driesdepoorter","1","1","4/5/21, 11:49","tz1MF5uTMWPJnGfow1zuJ4N6Az8rgNFxsgQa","Activity"
"159","osamulia","@osamulia","1","1","4/5/21, 11:49","tz1YSnXSQUHjeKsRQuQhLwcQsy3Q63Hzgoqb","Activity"
"160","nftaverse","@nftaverse","1","1","4/5/21, 11:49","tz1cmorCw9xzeLt5JKaQJvwFV7Dvf1vG2V4g","Activity"
"161","michel","@candyharmony","1","1","4/5/21, 11:49","tz1grNHoNCDdNYhP97AcPq3q8XipyoNGfxGP","Activity"
"162","nemocake","@DlSPUTED","1","1","4/5/21, 11:49","tz1NGDuYTuuB1geX1K5b88cqa8JinFLdd3d5","Activity"
"163","tz1fe..cge43","","1","1","4/21/21, 16:49","tz1fextN4qVjdhwaczf4iuRqDYWSob4cge43","Activity"
"164","Gitties","@GittyCherry","1","1","4/21/21, 16:49","tz1KzBhjFEchRsDrgt6yfRXDZb1cwVoBFQnK","Activity"
"165","tz1Qu..EUQb9","","1","1","4/21/21, 16:49","tz1QuNG1e1pS31whZDtd2YNwNyBy1bjEUQb9","Activity"
"166","tz1Zg..Y63HD","","1","1","4/21/21, 16:49","tz1ZgCce6UEHcNWH4iLdDq7tjfMfML3Y63HD","Activity"
"167","marchingsquare","@marchingsquare","1","1","4/23/21, 12:48","tz1LKpeN8ZSSFNyTWiBNaE4u4sjaq7J1Vz2z","Activity"
"168","Umanesimo Artificial","@umanesimoart","1","1","4/23/21, 12:48","tz1LFXCA66WdgWP2q3HBAZQmaQPB6gxFgJ5A","Activity"
"169","aurèce vettier","@aurecevettier","1","1","4/23/21, 12:48","tz1KpzYgTTsE3xqiYbgDJcWmxLaNKD9MvXdb","Activity"
"170","LeeSanFr","@Leesanfr1","1","1","4/23/21, 12:48","tz2L4t9S9LjpR2ca6B869siiKe2Ymp3aQ4gg","Activity"
"171","sukoneck.tez","@sukoneck","1","1","4/23/21, 12:48","tz1h7BrSLrSUEGN8UJDj7xujxbXn91oorDzf","Activity"
"172","aluanwang","@IOivm","1","1","4/23/21, 12:48","tz1NKHjwrYfg7GWwbWZ3bvdejkVL34De72Pz","Activity"
"173","tz1fz..JvHKv","","1","1","4/23/21, 12:48","tz1fzEstMwBcpMZufSmRcMgvvj5LmfzJvHKv","Activity"
"174","AlexandreRangel","@AlexandreRangel","1","1","4/23/21, 12:48","tz1SvPd1aUYZSkr22JTdRzUEGMb6ZjoPEXTz","Activity"
"175","Cosmos","@Cosmos_1313","1","1","4/23/21, 12:48","tz1e5UYTaTxGm6qz6zMghApaQNCZx5DbLYHC","Activity"
"176","0x10","@0x00000010","1","1","4/23/21, 12:48","tz1ZWje5jpfbWrG5iuxz7qUx7eBLLAS5Tv3z","Activity"
"177","tz1e9..8z3vB","","1","1","4/23/21, 12:48","tz1e9wDvyhLK4m5CavMnqNyVDaTQTJ78z3vB","Activity"
"178","jczobele","@jczobele","1","1","4/23/21, 12:48","tz1NmVrqs8XkHN3pUhsLUBtin7RxroCWVJ5W","Activity"
"179","greweb","@greweb","1","1","4/25/21, 19:17","tz1cgQAQfECg5bPASYTMyJ9QJQjSUi8rfL67","Activity"
"180","MathMakesArt","","1","1","5/1/21, 09:48","tz2F43n2YgYehTV6TjssH3dDMddgXVW1sdhN","Activity"
"181","Iskra Velitchkova","@pointline_","1","1","5/7/21, 18:29","tz1gVKxpEGC7QW1fZyEEMEW2kgJRbpgWLNpD","Activity"
"182","tz2Wq..28PF9","","1","1","5/21/21, 15:22","tz2Wqd4vGe8o3TxRXCVKo9zsbxAW7Jv28PF9","Activity"
"183","onezero","","1","1","5/24/21, 13:38","tz1fzFM3ZCbGzj88L9dDghamZ6FMgVENbniJ","Activity"
"184","KavanMeta","","1","1","5/30/21, 16:00","tz1Z7KNYVUZ4fTtMdMZYCoEFWy1ZjDB8QYbX","Activity"
"185","tz1iq..adMbc","","1","1","8/29/21, 15:17","tz1iqRM1VzHfvKyFEzCymSX6rHhH1w9adMbc","Activity"
"186","tz1hq..HkBTM","","1","1","8/30/21, 12:42","tz1hqefAP3PutkuYXtmTxVqzjJcH26AHkBTM","Activity"
"187","urbanscribe","@Urbanscribenews","1","1","8/31/21, 15:59","tz1b6MxvJ8ey7tnWrSa2LekdECMxSJKNFumQ","Activity"
"188","tz1Ww..XGTNi","","1","1","9/1/21, 14:56","tz1WwE9pxKADcvq8c7YEhaeQuidgBr6XGTNi","Activity"
"189","Teriell","@Teriell","1","1","9/1/21, 14:56","tz1Ta4wUo4G3phRSvnmyVZw6xPo8zteUwDyV","Activity"
"190","cino","@cinodarielli","1","1","9/1/21, 14:56","tz1gJJrpnVojWj7mZCWRyeqCE6UPBhgFEFbi","Activity"
"191","deadpanzoom_collect","","1","1","9/1/21, 14:56","tz1N4o4ii81tn526c6kgVGZNwAUGTt6AJ5sN","Activity"
"192","levels","@levelsartist","1","1","9/1/21, 14:56","tz2NMD2dipwUSECNF9dXYiwfzRFdxsSW5UQ9","Activity"
"193","tocame","@tocame_munich","1","1","9/1/21, 14:56","tz1ZhimgHgutqRAy229UuadFCnYCtybjrJpL","Activity"
"194","urbandrone","@urbandrone_","1","1","9/1/21, 14:56","tz1bXrkUZi2neinqmx3amCvptVwFiT43qT2m","Activity"
"195","Remy","","1","1","9/1/21, 14:56","tz1fdv4qjH467zGFJycBA1wX7kXgMdKSHfeq","Activity"
"196","lleixa","@afuste","1","1","9/1/21, 14:56","tz2VFQNZrRk3PMxR725wxXB8b5dqFnNoWbog","Activity"
"197","berts","@berrrrts","1","1","9/1/21, 14:56","tz1fq4m46j7fgvQ9X2o145qZ8X9x8mtEonGm","Activity"
"198","fabianospeziari","@fabianospeziari","1","1","9/1/21, 14:56","tz1NbH696HaDDRfUJQZbmqAVePexCRFhkfHR","Activity"
"199","@DrDrooth","@DrDrooth","1","1","9/1/21, 14:56","tz2Kpeb7KpbaRNkMyfDBKtK9MZDK5A638zd8","Activity"
"200","Glitched_Davidv2","@Glitched_David","1","1","9/1/21, 14:56","tz1ZFWCzp2V1M4R5qBEmqkNyvxtBRJQrXG69","Activity"
"201","tz1iB..bFmuQ","","1","1","9/1/21, 14:56","tz1iBBjxXC5yvtGmWrKjb3KiHT3W6KAbFmuQ","Activity"
"202","msmyr","@Msmyr","1","1","9/1/21, 14:56","tz1PtgGQJCFmTfy4xRks9ib7hyuvuVPg4jHQ","Activity"
"203","niftysnag","@niftysnag","1","1","9/1/21, 14:56","tz1RDcpzffvGnYwACKWU58Ycc6YUoFPHWP8s","Activity"
"204","Amorfati","","1","1","9/1/21, 14:56","tz1La6Lpzcft3yZs6ZSdrt2i2bsTdg2ZmNs2","Activity"
"205","SEXP_NFT_gallery","","1","1","9/1/21, 14:56","tz1gMHPbKYYo5bU9Z4Zsaj9HzPUENAn9CXMC","Activity"
"206","tz1bg..SwZtR","","1","1","9/1/21, 14:56","tz1bgofBPPZ7s3skJeniLRrhoiWdGXySwZtR","Activity"
"207","pagiarte","@pagiartestudio","1","1","9/1/21, 14:56","tz1N4BBKTPm4GSud1fZz7FpFedcByBHWteDk","Activity"
"208","selling.at.loss","","1","1","9/1/21, 14:56","tz1XX6ykvpfPGAkzeDaFPvvPqmRQoTwCvP4S","Activity"
"209","tz2Ux..hGVTK","","1","1","9/1/21, 14:56","tz2Ux43mFzTDA27euBpW6UZuHR9CfBGhGVTK","Activity"
"210","tz1ZM..q6AA1","","1","1","9/1/21, 14:56","tz1ZMGq2VLv4xxkL2v21eCcmwABemV1q6AA1","Activity"
"211","webllinks","","1","1","9/1/21, 14:56","tz1a9kyKd1Mp5D7DgpMQ3SLdB8MYdjfbZ6VM","Activity"
"212","Orfhlaith Egan","@orlainberlin","1","1","9/1/21, 14:56","tz1ViMzA17dRAZpCopuckBHdphMua26YDVgN","Activity"
"213","tz1fu..ny12C","","1","1","9/1/21, 14:56","tz1fuK62DXQ4mZ9QVJcNV2MxKo2ytdxny12C","Activity"
"214","klodiezengbe","@klod_i_e","1","1","9/2/21, 20:03","tz1NZ8wXMYK8Zkg8WJjCiFF1emzAuszwwe3o","Activity"
"215","picchiosbleu","@Picchiopicchiar","1","1","9/9/21, 12:57","tz2VVNM1Xy3Vnco4tLevDQvPJ4EeefRCukbt","Activity"
"216","90blocks","@chrisfollowsart","1","1","9/9/21, 12:57","tz1d3YSjRXffjQPfjXTJZSFcjm36Hab2azDg","Activity"
"217","metadunc","@metadunc","1","1","9/9/21, 12:57","tz1emc9Uto1fXZWfau8zWDCGL5e2PpnrRxqg","Activity"
"218","ippsketch","@ippsketch","1","1","9/9/21, 12:57","tz2MgAiWfd5i7kee4pMKiY5cx5QQUHD94HFS","Activity"
"219","tz1V8..NqWjk","","1","1","9/9/21, 12:57","tz1V8WsKy9wUiv38mNBJQ5zPs4fVaHSNqWjk","Activity"
"220","kavozzi","@kavozzi","1","1","9/9/21, 12:57","tz1NbNSybUmgpTJRppQTGT8D1c8WcdBnfF6u","Activity"
"221","pepape","","1","1","9/9/21, 12:57","tz1fCW9QFdfpptUfAQ3Dz7W39GjYm3tWormF","Activity"
"222","Quitters","@QuittersArts","1","1","9/9/21, 12:57","tz1f35fmNMJiUuRAryrugQJzeVa8NHX66qp4","Activity"
"223","thenftman","","1","1","9/9/21, 12:57","tz1crYhZamd7wQaWicLv5zfPi8zqhxtB7kae","Activity"
"224","dustmrtn","@dustmrtn","1","1","9/9/21, 12:57","tz1PLu9vNB5Kc63nRGuXJFAsHRfAR948GJ9F","Activity"
"225","2ftof","@2FToF1","1","1","9/9/21, 12:57","tz1XjmxayiC55hu95yWJJqoLcmRJDoi6ffZz","Activity"
"226","Varvara&Mar","@varvara_and_mar","1","1","9/9/21, 12:57","tz1ZJJPSdvqFnjCoLiSDHoo17B3YLfdeANA3","Activity"
"227","0xphiiil","","1","1","9/9/21, 12:57","tz1Tyj1JJF1iR2jkLu4mRQfLwrwvgtVXuwMv","Activity"
"228","rosejackson","@in_cloudlands","1","1","9/9/21, 12:57","tz1V6YfNEZdyDstDyJRkw52F5CUidMrX1iwZ","Activity"
"229","merchant_coppola","@MerchantCoppola","1","1","9/9/21, 12:57","tz1MrSstDn96CnAKvmnfNspVXpqZKX1moKdx","Activity"
"230","nbswwit","@nbswwit","1","1","9/9/21, 12:57","tz1dFcfEbAb9abXBEXERV4uMv48e4x17MuBb","Activity"
"231","tune_of_worms","@tuneofworms","1","1","9/9/21, 12:57","tz1Tp8PHdx2KsvHyVWb4NaGev8wXLk1HwqCw","Activity"
"232","marquesa","@BurghartManu","1","1","9/9/21, 12:57","tz2CR7QqsKUoBB5N2U1CeMLYv3if9KtC2XdX","Activity"
"233","furtoads","@furtoads","1","1","9/9/21, 12:57","tz1XeEyDyk3EKLBg128NNMpTXB4bur5YMjnD","Activity"
"234","The_Connectome","@The_Connectome","1","1","9/9/21, 12:57","tz1UK1w9zF2sPG4nZmmw82nuQti2kQ1XYMon","Activity"
"235","tz1Ni..Zm1ob","","1","1","9/9/21, 12:57","tz1NixFhp8yej6jYoZUCVTN6TC644LeZm1ob","Activity"
"236","tz1Wk..bN1ox","","1","1","9/9/21, 12:57","tz1WkZQ7HFGaeXbNWiwo92qSNwKcKt7bN1ox","Activity"
"237","nftforthat","","1","1","9/9/21, 12:57","tz1eWZjEJFJAK1drzkPMkQNcrdGi9Lq2y2ME","Activity"
"238","nftdream-vault","@NFT_Dream","1","1","9/9/21, 12:57","tz1iN7EowDcR9RYg1stkk9KJkBQqUZoeorPx","Activity"
"239","whatsweb3vault","@whatsweb3","1","1","9/9/21, 12:57","tz1YmHCdcQ58Z6YR4JSDg6YsGmtUm95g8JWy","Activity"
"240","tz1NB..ShjCj","","1","1","9/9/21, 12:57","tz1NBPWvhwXHHHtqSVqxTR7yTWbwNjjShjCj","Activity"
"241","Nftgarden","","1","1","9/10/21, 11:35","tz1SjjKsKhvY1qHTrLgUs4NHy9v9AVnyB9yt","Activity"
"242","tz1fh..DSGNJ","","1","1","9/10/21, 22:11","tz1fhMwbUtYBdJtGEZDSKPVaGqu1LCADSGNJ","Activity"
"243","tz1Nz..gwHt2","","1","1","9/11/21, 10:25","tz1Nz2BLgP5Q2m8FJ1pXWcm6NgVqY39gwHt2","Activity"
"244","NIWIN","@NiwinEth","1","1","9/11/21, 10:43","tz1bvZLTXp7fXUSZsVZQRtyvcEz5hy3pGbwZ","Activity"
"245","asdf","@kimasendorf","1","1","9/11/21, 11:00","tz1XzpNExBmQNBziMUSEgh3BEKMdpsqAg8Si","Activity"
"246","yanngraf","@yanngraf","1","1","9/11/21, 13:53","tz1ZW5giNR2N8mWbPP2ZW4bEMvp8Ps9F343W","Activity"
"247","28eyo","","1","1","9/11/21, 13:53","tz1ahD39oDNqVoEhhXFjCNLPusyiQUDKTvGo","Activity"
"248","peterschmidler","@peterschmidler","1","1","9/11/21, 13:53","tz1L4bYQePbjADYHRzC8E1dBZGiCaDPK5G7G","Activity"
"249","kk-zhangkai","","1","1","9/11/21, 13:53","tz1evwTMXASKBHtq1nbPD6Lggo4n9usztLY2","Activity"
"250","dahleeascapes","@_dahleea_","1","1","9/11/21, 13:53","tz1SUS45csqAgAEis5o7tedTHUA6sTK1uAK8","Activity"
"251","YeOldeShoppe","@desatnik","1","1","9/11/21, 13:53","tz1LnZ5SPLRi3Kzp7Dd64D7xd8aAYvu2mzcE","Activity"
"252","tz1fs..SWo3W","","1","1","9/11/21, 13:53","tz1fsyhpyRY3KNV4QS9vMbHfXYhrPSMSWo3W","Activity"
"253","Johawa","@Johawa1","1","1","9/11/21, 13:53","tz1gHkKBfNsmbX1UKb6TuaYoqePQuA5aaxFv","Activity"
"254","dahleea","@_dahleea_","1","1","9/11/21, 13:53","tz1g2cGzTYZ6pXLRVKxWW3iahmsgeBQr1DSC","Activity"
"255","a_0","@oohgaga_","1","1","9/11/21, 13:53","tz1PLvizgqMqjGhxafegRNkCoW3JyWhacBfa","Activity"
"256","FahmiMursyid","@FahmiMursyid","1","1","9/11/21, 13:53","tz1XikDQCPASrR9nqY3juJma4T9SEsutqq4u","Activity"
"257","tz1ar..UZkEf","","1","1","9/11/21, 13:53","tz1arfTx6bkvdkWZQ8fvXAFkxuJaH3QUZkEf","Activity"
"258","120385","","1","1","9/11/21, 13:53","tz1KkiubJhhMtAr1vGJaZRVukiVrSnszd9bF","Activity"
"259","where_did_my_van_gog","","1","1","9/11/21, 13:53","tz1Nv95b1LB1MdLWcZ2oyEJPYDfuB2XUALr8","Activity"
"260","franckaubry","@franckaubry","1","1","9/11/21, 13:53","tz1Kut7SoVhqYfdii9iiemDNV4xXjms6iXJC","Activity"
"261","tz1hM..n59Xr","","1","1","9/11/21, 13:53","tz1hM6Pz2e5vJbd1YYkYHcj5RL7tXhcn59Xr","Activity"
"262","dmnsgn","@dmnsgn","1","1","9/11/21, 13:53","tz2AmQarWLeMoQVt2h9a4QYywTUtg8bH5t5B","Activity"
"263","AlfieTao","","1","1","9/11/21, 13:53","tz1YkzhcAyGYUodXmQSdgFEPcL4p6tS1GEfZ","Activity"
"264","wutkeks","@wutkeks","1","1","9/11/21, 13:53","tz1YzxRX8LaSVS51QGWWxLhALv6aecuedf3W","Activity"
"265","tz1np..rsvn8","","1","1","9/11/21, 13:53","tz1NpJCyaYvSVxKyAYGeZvJkp46HFbyRSVn8","Activity"
"266","polytropos","@offer_rescinded","1","1","9/11/21, 13:53","tz1XRB5ggBLtYak1xHa33zZjWa3HyYGJG7hZ","Activity"
"267","alexdelia","@alexdelia","1","1","9/11/21, 13:53","tz1MCEixbAooPR3o1bBnEHXC9UAeJiiKBkye","Activity"
"268","nftandroid","@NFTandroid","1","1","9/11/21, 13:53","tz1hg5CD79p377dt8U4c3y32dD3C741RzmVg","Activity"
"269","Cakeslim","@adrianDalexis","1","1","9/11/21, 13:53","tz1aHDQUnqgHiDwJti3Reob63VEtgLha6mWc","Activity"
"270","j0rdan","@j0xrd","1","1","9/11/21, 13:53","tz1RxdMQhHoQKxmtwqEC8h5yLHVghHdEPqEk","Activity"
"271","tz1e9..41YuA","","1","1","9/11/21, 13:53","tz1e9txXocQfGpH5hghBLJmMbtNcM4n41YuA","Activity"
"272","Shlisllokh","@Shlisllokh","1","1","9/11/21, 13:53","tz1Ni165WeEe6vUxAYcyTWC5vmTbfC75cnXk","Activity"
"273","flong","@flongie","1","1","9/11/21, 13:53","tz1bn5ecxYKXXjFaMe4L5JwCcfsxjcPa6PD6","Activity"
"274","egli","@markegli","1","1","9/11/21, 13:53","tz1UrfXfAvFdnVq7TMJmw7gGhfmka6kTHtub","Activity"
"275","tz1WZ..kqXyL","","1","1","9/11/21, 13:53","tz1WZWRqaXio3BgL16eyu54eQjG7YmHkqXyL","Activity"
"276","dnlsmm","@dnlsmmS","1","1","9/11/21, 13:53","tz1hY7NtouMvSXJxhK3vbr7o99aQwmzkawgf","Activity"
"277","wozuberlin","@wozuberlin","1","1","9/11/21, 13:53","tz1X9fyUfCAF6LHd53tBtzDhSnmYCKjzCbw7","Activity"
"278","tz1Rc..AGmL6","","1","1","9/11/21, 13:53","tz1RcWk9CVs2fgVded2wtcR1SHUYR2AAGmL6","Activity"
"279","airdrop1","@cabline1","1","1","9/11/21, 13:53","tz1T4vkx4aqjbVSysTv8pSp4UPSrVCizMzc7","Activity"
"280","highmali","","1","1","9/11/21, 13:53","tz2B3n9pZbDKPfHuF9vxHvwnBCoB7hS5cym1","Activity"
"281","tz1Xt..QWjny","","1","1","9/11/21, 13:53","tz1Xt6tuKvbxgUZ1dW5wkypPtpTrNepQWjny","Activity"
"282","makio135_2","@makio135","1","1","9/11/21, 13:53","tz2D6NEgdvaUWLC333RJQLJdT6JYVRzETvxi","Activity"
"283","tz1SF..VjfPK","","1","1","9/11/21, 13:53","tz1SFfUyZVA4zqV4jU4jjtxrS4rAQasVjfPK","Activity"
"284","Maxorgel3701","@maxorgel3701","1","1","9/11/21, 13:53","tz1hjtLzKJJt4JiVXP91ssucdj7gtaVMkwSu","Activity"
"285","Mom0xKing","@CHEATERSWINTS","1","1","9/11/21, 13:53","tz1QxrYJnrGvsh5hqh3v1pj7eSFuzZ2UKEg5","Activity"
"286","unidentifiable","@Anaishoch","1","1","9/11/21, 13:53","tz1hZdu4GBr6niakxU6i9U6REQHwsGMCpQqy","Activity"
"287","NewUser","@vonricorico","1","1","9/11/21, 13:53","tz1fbm8cxUVRrGHxREypyLzbW9UVHZ838st1","Activity"
"288","klausjoerres","@klausjoerres","1","1","9/11/21, 13:53","tz1WCpoPR5Gk9eBzMcRFqAJQbCeREJ8j3mfy","Activity"
"289","corporatetrash","","1","1","9/12/21, 03:08","tz1Z9ieCrs2KNv7KNPeEq6SF3QnVQhpX6vPK","Activity"
"290","tz1Pz..Gwm1C","","1","1","9/15/21, 15:38","tz1PzhvmE9kUf3cCUVfa5oqp5ad7H4jGwm1C","Activity"
"291","feno","","1","1","9/17/21, 17:37","tz1ipr8buqpZFK2JSvMAqkqTA8PWAca69xCk","Activity"
"292","MAXPOWER","","1","1","9/18/21, 01:17","tz1LcDMi4TAPL31ZRvkYDm4fAXFWRugCzxPY","Activity"
"293","tz1iM..VScv3","","1","1","9/19/21, 06:56","tz1iM6u63MXfbf1Mt1FDWotTRBAd6DoVScv3","Activity"
"294","tz1hM..bErAa","","1","1","9/21/21, 12:10","tz1hMr3jQ76JfYFEncU7239wr4GqYeLbErAa","Activity"
"295","Bruno Quintela","","1","1","9/26/21, 17:31","tz1VHRQCxZp1mAu7rvz4LeXxG815KgBQwQhH","Activity"
"296","tz1Tp..qKG6r","","1","1","9/28/21, 22:09","tz1Tpj3HsAt8yMhXPKDQRmUxArnrmaGqKG6r","Activity"
"297","liquidity","","1","1","11/2/21, 04:56","tz1NABW5hTM33gVgPjMHmYgaLdKoGvaek7FQ","Activity"
"298","thinkingup","","1","1","11/5/21, 12:17","tz1RBVwNYHLFTqWmetQ9LdczhPkBVzVAZDeH","Activity"
"299","Sutan","@Creepyto","1","1","11/5/21, 12:17","tz1gMRKQWdhY5ZPUehpHofLswyL8Vexvfpbm","Activity"
"300","AliaK","@AliaK","1","1","11/5/21, 12:17","tz1eky73coNLY3e8b3rzBihpkC799Db3UtKp","Activity"
"301","tz1TL..PGGdC","","1","1","11/5/21, 12:17","tz1TLZDAaS6HcXosAt66Rk5nZtPxVRsPGGdC","Activity"
"302","mo-rels.tez","@Mo_RELS","1","1","11/5/21, 12:17","tz1NymcxcM8exf1X2QN3g3eSMgGemAJEe1es","Activity"
"303","thefunnyguys","","1","1","11/5/21, 12:17","tz1gMfctX4hBNpkUoE7RcYPBhNc1hpHddqh4","Activity"
"304","Dioneye","","1","1","11/10/21, 18:38","tz2WKRK3i3zBjX8aAyFn3FVWmYDAHFudQgh2","Activity"
"305","firstcollector","@firstcollector","1","1","11/11/21, 21:03","tz1SGUf8ydzPXduy2eMjr6UnB3b9bJVF9Vde","Activity"
"306","ameliehua","","1","1","11/25/21, 04:15","tz1NjFAgaqe8YEvy4cP5fbwu2Y7yEkJziG8D","Activity"
"307","v3ga","@v3ga","1","1","12/2/21, 18:34","tz29mS5gdfemxdhTZbtksFj5atKKLfJ8JM3D","Activity"
"308","zeitguised","@ZEIT_GUISED","1","1","12/8/21, 13:59","tz1WWH6FT4JWCtwcHwesJ4iHGBqL2GfZN2BV","Activity"
"309","Thecollector","","1","1","12/23/21, 19:02","tz1XU7YZNNcDgkBqZArsQrbvnVUBecAD4uJC","Activity"
"310","nutellaspoon","","1","1","12/25/21, 22:34","tz1gyBav5S4kkBmC3YFoqUA8k1FUuC5EdnFo","Activity"
"311","ArtNode","@ArtNodee","1","1","12/27/21, 10:38","tz1TVa5tuFYt1wnUL2EZoZ5qknWLPhYrrGMa","Activity"
"312","AceKennedy","","1","1","1/2/22, 21:14","tz1WBLVabMjx2GKmeUVxTbdS42ML8xN6gpj8","Activity"
"313","tz1VK..E12iD","","1","1","1/3/22, 16:45","tz1VK3ugZYQkJc6SxLtK8H8EweWE1krE12iD","Activity"
"314","V5MT","","1","1","1/4/22, 13:00","tz1LAdqCcvhj438mV4ADMuGkhtyjMJgqPnYX","Activity"